{"cameraMode":{"drawMode":0,"name":"Shaded","section":"Shading Mode"},"sceneLighting":true,"audioPlay":false,"sceneViewState":{"showFog":true,"showMaterialUpdate":false,"showSkybox":true,"showFlares":true,"showImageEffects":true,"showParticleSystems":true},"in2DMode":false,"pivot":{"x":-0.8680157661437988,"y":-0.28515625,"z":0.26791244745254519},"rotation":{"x":0.22974362969398499,"y":-0.008759340271353722,"z":0.0020677996799349787,"w":0.9732096195220947},"size":55.979652404785159,"orthographic":true}